boundary_loss,boundary_loss_epoch,boundary_loss_step,epoch,integrat_loss,integrat_loss_epoch,integrat_loss_step,population_loss,population_loss_epoch,population_loss_step,residual loss,residual loss_epoch,residual loss_step,step,total_loss,total_loss_epoch,total_loss_step,val_loss
64.9853744506836,,,0,249.68853759765625,,,20107.57421875,,,0.04134075343608856,,,27,614.8524169921875,,,614.8524169921875
,62.79918670654297,,0,,262.1613464355469,,,14454.669921875,,,0.05630767345428467,,27,,634.2984619140625,,
,,29.255971908569336,1,,,333.6487121582031,,,964.5516967773438,,,0.03986054286360741,49,,,713.9080200195312,
66.28707885742188,,,1,248.2761993408203,,,16118.40625,,,0.025831544771790504,,,55,608.5376586914062,,,608.5376586914062
,53.560279846191406,,1,,274.19384765625,,,11939.2646484375,,,0.032354243099689484,,55,,640.3057861328125,,
55.687904357910156,,,2,265.3893127441406,,,15669.7734375,,,0.03481367230415344,,,83,623.408935546875,,,623.408935546875
,50.00503921508789,,2,,270.75054931640625,,,13060.1396484375,,,0.022214004769921303,,83,,626.500244140625,,
,,39.63155746459961,3,,,281.36822509765625,,,3955.87109375,,,0.0025919382460415363,99,,,626.9807739257812,
54.876224517822266,,,3,250.40576171875,,,20221.58984375,,,0.04487083479762077,,,111,592.1813354492188,,,592.1813354492188
,52.263214111328125,,3,,266.1327819824219,,,14415.0869140625,,,0.040000129491090775,,111,,618.2763061523438,,
50.402156829833984,,,4,265.93267822265625,,,14589.7734375,,,0.056509558111429214,,,139,611.5934448242188,,,611.5934448242188
,38.331947326660156,,4,,284.98968505859375,,,10754.48828125,,,0.03203621134161949,,139,,631.9149780273438,,
,,18.223712921142578,5,,,288.9858703613281,,,16631.35546875,,,0.0018240341451019049,149,,,612.2306518554688,
25.290996551513672,,,5,273.8133544921875,,,15972.01171875,,,0.0011420688824728131,,,167,591.4586181640625,,,591.4586181640625
,36.47977066040039,,5,,270.2373352050781,,,14215.974609375,,,0.02684161812067032,,167,,600.0823974609375,,
16.11078453063965,,,6,302.11279296875,,,6714.95751953125,,,0.0003504078194964677,,,195,629.5658569335938,,,629.5658569335938
,38.26409149169922,,6,,271.3014221191406,,,11120.12109375,,,0.05639784038066864,,195,,601.837158203125,,
,,24.121971130371094,7,,,282.0318908691406,,,3878.4765625,,,7.0550202508457e-05,199,,,600.4948120117188,
21.81317901611328,,,7,271.67315673828125,,,9818.0537109375,,,0.00034626328852027655,,,223,578.140869140625,,,578.140869140625
,35.22163772583008,,7,,272.0645446777344,,,8001.77783203125,,,0.07515053451061249,,223,,596.9405517578125,,
,,76.58490753173828,8,,,218.86248779296875,,,1766.4537353515625,,,0.34484732151031494,249,,,544.5127563476562,
55.6546630859375,,,8,240.15109252929688,,,2732.430419921875,,,0.22406837344169617,,,251,558.815185546875,,,558.815185546875
,36.3576545715332,,8,,264.1462707519531,,,6182.76513671875,,,0.10533934086561203,,251,,581.498291015625,,
41.297813415527344,,,9,234.336669921875,,,1799.7550048828125,,,0.15762323141098022,,,279,528.8733520507812,,,528.8733520507812
,24.439308166503906,,9,,271.9627380371094,,,4840.001953125,,,0.05191168561577797,,279,,579.8630981445312,,
,,13.065788269042969,10,,,281.001953125,,,2243.312255859375,,,3.7919187434454216e-06,299,,,579.8858642578125,
10.809444427490234,,,10,287.8553771972656,,,4718.03076171875,,,9.482731547905132e-05,,,307,591.9078369140625,,,591.9078369140625
,32.873809814453125,,10,,257.8127136230469,,,4085.1826171875,,,0.17849403619766235,,307,,561.3019409179688,,
32.37974548339844,,,11,247.5586700439453,,,652.66552734375,,,0.3263133466243744,,,335,538.7932739257812,,,538.7932739257812
,18.441631317138672,,11,,280.4041442871094,,,1618.4017333984375,,,0.1007542610168457,,335,,586.303466796875,,
,,18.747196197509766,12,,,242.3890380859375,,,472.30584716796875,,,9.627753752283752e-05,349,,,512.42724609375,
11.756433486938477,,,12,268.93133544921875,,,449.9863586425781,,,2.952977956738323e-05,,,363,553.8037719726562,,,553.8037719726562
,19.30963706970215,,12,,271.5783386230469,,,1013.2105102539062,,,0.17681553959846497,,363,,569.3569946289062,,
7.981518745422363,,,13,271.4250183105469,,,997.46435546875,,,1.760630402714014e-05,,,391,553.8448486328125,,,553.8448486328125
,16.722902297973633,,13,,271.0060119628906,,,1151.6949462890625,,,0.2259233295917511,,391,,563.9241333007812,,
,,57.09934616088867,14,,,218.4105224609375,,,136.92042541503906,,,1.7943856716156006,399,,,509.9774169921875,
24.67230796813965,,,14,249.82203674316406,,,521.9632568359375,,,0.7696037888526917,,,419,531.6126708984375,,,531.6126708984375
,16.473159790039062,,14,,270.06768798828125,,,337.1370849609375,,,0.3151824474334717,,419,,561.4713134765625,,
20.25706672668457,,,15,263.99139404296875,,,372.15155029296875,,,0.7263972759246826,,,447,552.7528076171875,,,552.7528076171875
,8.083053588867188,,15,,292.9776916503906,,,525.3965454101562,,,0.22765007615089417,,447,,596.365234375,,
,,4.577856540679932,16,,,282.625732421875,,,136.2254638671875,,,2.3337021559655113e-07,449,,,570.53759765625,
4.423200607299805,,,16,288.1996765136719,,,284.72430419921875,,,6.443332949856995e-06,,,475,582.6010131835938,,,582.6010131835938
,17.702524185180664,,16,,277.0661926269531,,,205.09573364257812,,,0.719987154006958,,475,,575.8925170898438,,
,,9.979206085205078,17,,,243.29824829101562,,,46.177703857421875,,,1.3472215869114734e-05,499,,,499.99267578125,
1.2967780828475952,,,17,316.22882080078125,,,70.66278076171875,,,3.0690611652062216e-07,,,503,634.82421875,,,634.82421875
,17.53474998474121,,17,,265.197998046875,,,157.76832580566406,,,1.3539570569992065,,503,,552.23876953125,,
17.918764114379883,,,18,261.2885437011719,,,43.60947799682617,,,2.273094892501831,,,531,543.8721313476562,,,543.8721313476562
,12.864160537719727,,18,,275.56292724609375,,,153.72488403320312,,,1.4535478353500366,,531,,567.1644897460938,,
,,2.526322603225708,19,,,282.89947509765625,,,43.067909240722656,,,6.323232071281382e-08,549,,,568.5818481445312,
16.75600814819336,,,19,252.1009063720703,,,91.32039642333984,,,2.6735098361968994,,,559,524.25439453125,,,524.25439453125
,19.77285385131836,,19,,259.6088562011719,,,65.56948852539062,,,3.018918037414551,,559,,543.3047485351562,,
2.9802680015563965,,,20,302.8997802734375,,,28.66872787475586,,,1.9151518699800363e-06,,,587,611.201416015625,,,611.201416015625
,6.713116645812988,,20,,279.4845886230469,,,86.73407745361328,,,1.00356924533844,,587,,567.4408569335938,,
,,0.3497390151023865,21,,,288.9270935058594,,,233.0439910888672,,,5.4535348681383766e-08,599,,,578.3472290039062,
15.494873046875,,,21,263.36651611328125,,,66.18017578125,,,5.031156539916992,,,615,545.2392578125,,,545.2392578125
,11.81309700012207,,21,,277.39208984375,,,86.32279205322266,,,4.137033462524414,,615,,569.7410888671875,,
18.802995681762695,,,22,233.1542205810547,,,36.49985122680664,,,11.947476387023926,,,643,489.3251953125,,,489.3251953125
,11.870207786560059,,22,,273.4062805175781,,,71.68758392333984,,,4.480315685272217,,643,,561.5955200195312,,
,,7.2735981941223145,23,,,241.88128662109375,,,13.836341857910156,,,4.061307663505431e-06,649,,,492.6816711425781,
0.947374165058136,,,23,286.6187744140625,,,84.91096496582031,,,3.290412919909613e-08,,,671,574.566650390625,,,574.566650390625
,8.263005256652832,,23,,279.26123046875,,,35.001853942871094,,,3.440119981765747,,671,,569.4246215820312,,
,,6.115612983703613,24,,,242.84410095214844,,,9.850235939025879,,,1.7634370124142151e-06,699,,,492.9971008300781,
14.594013214111328,,,24,266.19647216796875,,,26.236703872680664,,,10.77023696899414,,,699,550.7955932617188,,,550.7955932617188
,14.396204948425293,,24,,262.9264221191406,,,45.45167541503906,,,8.288143157958984,,699,,543.4762573242188,,
1.1348274946212769,,,25,284.5048828125,,,44.244625091552734,,,2.2971805790916733e-08,,,727,570.6687622070312,,,570.6687622070312
,5.636751651763916,,25,,291.5121154785156,,,44.8459587097168,,,4.157564640045166,,727,,591.311279296875,,
,,1.6165307760238647,26,,,279.47393798828125,,,16.728635787963867,,,2.1339388922569924e-08,749,,,561.1414794921875,
2.5715527534484863,,,26,271.64056396484375,,,35.449092864990234,,,5.464749506245425e-07,,,755,546.6123046875,,,546.6123046875
,9.369254112243652,,26,,273.5758056640625,,,25.863216400146484,,,6.822021484375,,755,,559.1732788085938,,
1.201887607574463,,,27,283.2793884277344,,,41.28690719604492,,,2.082647121426362e-08,,,783,568.3767700195312,,,568.3767700195312
,5.636587619781494,,27,,276.4803161621094,,,28.757770538330078,,,3.4463298320770264,,783,,560.3786010742188,,
,,36.12203598022461,28,,,218.71246337890625,,,14.236594200134277,,,39.58376693725586,799,,,479.23834228515625,
13.536722183227539,,,28,264.7668151855469,,,11.466538429260254,,,15.454297065734863,,,811,546.931884765625,,,546.931884765625
,8.445502281188965,,28,,267.5731201171875,,,31.063077926635742,,,6.200240612030029,,811,,545.5930786132812,,
13.994985580444336,,,29,250.3467254638672,,,39.18117141723633,,,11.735702514648438,,,839,517.423828125,,,517.423828125
,4.474979877471924,,29,,282.9091796875,,,27.563278198242188,,,3.832028388977051,,839,,572.6614990234375,,
,,0.7662703394889832,30,,,289.9193115234375,,,78.33057403564453,,,1.738479227242351e-08,849,,,581.3905639648438,
0.9640636444091797,,,30,301.0661315917969,,,33.8367919921875,,,2.8131388773999788e-08,,,867,605.1593017578125,,,605.1593017578125
,9.255582809448242,,30,,265.61669921875,,,29.592723846435547,,,8.415053367614746,,867,,542.88818359375,,
2.766758680343628,,,31,285.0306091308594,,,11.127496719360352,,,2.931770097802655e-07,,,895,574.9984130859375,,,574.9984130859375
,6.270905494689941,,31,,277.65869140625,,,52.33792495727539,,,7.970428943634033,,895,,563.7774047851562,,
,,0.9096243381500244,32,,,281.1738586425781,,,11.757874488830566,,,1.5360210880999148e-08,899,,,563.9765625,
2.574610471725464,,,32,286.2254943847656,,,11.516517639160156,,,3.3228249662897724e-07,,,923,577.214599609375,,,577.214599609375
,2.9490606784820557,,32,,282.9222717285156,,,37.604942321777344,,,1.211112380027771,,923,,570.4237670898438,,
,,0.8415842056274414,33,,,332.21038818359375,,,17.455909729003906,,,5.1061981309885596e-08,949,,,669.7326049804688,
15.912371635437012,,,33,234.14617919921875,,,29.332656860351562,,,17.40432357788086,,,951,486.7431335449219,,,486.7431335449219
,2.296950340270996,,33,,278.4090881347656,,,30.119653701782227,,,2.5368001388414996e-07,,951,,560.4755859375,,
22.597993850708008,,,34,257.51898193359375,,,113.21841430664062,,,26.221960067749023,,,979,543.0408325195312,,,543.0408325195312
,6.329113960266113,,34,,287.2868957519531,,,81.9338150024414,,,8.679643630981445,,979,,583.46875,,
,,1.1716357469558716,35,,,279.9995422363281,,,14.748225212097168,,,1.963874396437859e-08,999,,,561.7582397460938,
24.003774642944336,,,35,226.67385864257812,,,82.8200912475586,,,25.617624282836914,,,1007,481.44775390625,,,481.44775390625
,4.529967784881592,,35,,285.98492431640625,,,49.42164993286133,,,3.7335212230682373,,1007,,578.5469360351562,,
2.5702950954437256,,,36,288.2105712890625,,,34.84904098510742,,,2.5362365363434947e-07,,,1035,581.0150146484375,,,581.0150146484375
,7.425721168518066,,36,,273.757080078125,,,23.432323455810547,,,6.910233020782471,,1035,,557.1038208007812,,
,,0.8736557960510254,37,,,334.4630432128906,,,17.54961395263672,,,4.721908553051435e-08,1049,,,674.43212890625,
11.48243236541748,,,37,251.21778869628906,,,98.61981964111328,,,18.939239501953125,,,1063,516.1214599609375,,,516.1214599609375
,9.179709434509277,,37,,273.286865234375,,,33.142879486083984,,,11.913589477539062,,1063,,558.4995727539062,,
0.9721181392669678,,,38,283.8041687011719,,,28.954055786132812,,,1.5075741544023913e-08,,,1091,569.369384765625,,,569.369384765625
,7.104689121246338,,38,,274.20159912109375,,,55.43239974975586,,,10.338438987731934,,1091,,557.9004516601562,,
,,0.7483153343200684,39,,,288.0205078125,,,62.0944709777832,,,1.4513842572227986e-08,1099,,,577.6090087890625,
12.036051750183105,,,39,279.1483154296875,,,205.50799560546875,,,25.55718231201172,,,1119,574.511962890625,,,574.511962890625
,7.446935176849365,,39,,275.4095153808594,,,44.08243179321289,,,13.501757621765137,,1119,,560.9813232421875,,
10.66554069519043,,,40,277.83477783203125,,,315.3690490722656,,,25.469642639160156,,,1147,569.9434204101562,,,569.9434204101562
,4.615077972412109,,40,,282.2214660644531,,,28.249330520629883,,,5.123717784881592,,1147,,571.2889404296875,,
,,6.152200698852539,41,,,239.41744995117188,,,5.922056198120117,,,5.040481028117938e-07,1149,,,486.0276794433594,
10.643753051757812,,,41,250.9844207763672,,,107.07688903808594,,,20.151548385620117,,,1175,514.870361328125,,,514.870361328125
,5.696887016296387,,41,,279.56671142578125,,,30.63534927368164,,,7.531833171844482,,1175,,567.234619140625,,
,,1.0329265594482422,42,,,279.606689453125,,,12.337493896484375,,,1.4350063359813703e-08,1199,,,560.933349609375,
10.832100868225098,,,42,250.09500122070312,,,48.20806121826172,,,17.626264572143555,,,1203,513.3718872070312,,,513.3718872070312
,8.510343551635742,,42,,273.34295654296875,,,101.44046783447266,,,17.067441940307617,,1203,,557.9551391601562,,
1.0065199136734009,,,43,333.74993896484375,,,15.936949729919434,,,3.8666513546559145e-08,,,1231,673.4359130859375,,,673.4359130859375
,7.766036033630371,,43,,273.6952819824219,,,81.85528564453125,,,12.8579683303833,,1231,,557.8092651367188,,
,,0.9836429953575134,44,,,332.6304931640625,,,15.805221557617188,,,3.405409287893235e-08,1249,,,671.0745849609375,
0.9983165264129639,,,44,316.3305358886719,,,14.361640930175781,,,2.966712209229172e-08,,,1259,637.2232055664062,,,637.2232055664062
,3.7347304821014404,,44,,280.7808837890625,,,33.64188766479492,,,4.236876964569092,,1259,,567.246826171875,,
27.598417282104492,,,45,219.3491973876953,,,123.17425537109375,,,63.731666564941406,,,1287,470.92852783203125,,,470.92852783203125
,7.797374248504639,,45,,271.74658203125,,,58.451473236083984,,,12.742681503295898,,1287,,553.9478759765625,,
,,1.0379652976989746,46,,,331.5610656738281,,,15.50339126586914,,,3.93010139987382e-08,1299,,,669.0272827148438,
10.168582916259766,,,46,251.59043884277344,,,72.19992065429688,,,18.627321243286133,,,1315,515.410400390625,,,515.410400390625
,5.879342079162598,,46,,278.8127136230469,,,57.489200592041016,,,11.407069206237793,,1315,,565.873046875,,
2.4350106716156006,,,47,274.08099365234375,,,44.2086067199707,,,1.1391988863351798e-07,,,1343,551.5359497070312,,,551.5359497070312
,3.029431104660034,,47,,282.02984619140625,,,24.693105697631836,,,2.7909536361694336,,1343,,568.918701171875,,
,,0.8345775008201599,48,,,281.31451416015625,,,11.725221633911133,,,1.333842725159684e-08,1349,,,564.1571655273438,
18.52047348022461,,,48,238.79718017578125,,,244.17408752441406,,,52.94843673706055,,,1371,500.0331115722656,,,500.0331115722656
,6.98807954788208,,48,,277.6046142578125,,,63.06074142456055,,,12.780837059020996,,1371,,564.7982177734375,,
,,0.7846294045448303,49,,,280.66217041015625,,,10.943697929382324,,,1.2334193222329759e-08,1399,,,562.875244140625,
2.0258278846740723,,,49,271.10260009765625,,,23.95212173461914,,,8.376502336204794e-08,,,1399,545.0570068359375,,,545.0570068359375
,8.991986274719238,,49,,265.8674011230469,,,31.929941177368164,,,15.959065437316895,,1399,,543.2725219726562,,
3.255192279815674,,,50,258.7705078125,,,24.552505493164062,,,1.473578805644138e-07,,,1427,521.576171875,,,521.576171875
,7.447701454162598,,50,,275.8679504394531,,,64.49793243408203,,,16.142288208007812,,1427,,561.7982788085938,,
,,0.9812015295028687,51,,,290.21240234375,,,59.32828903198242,,,1.2421441653032161e-08,1449,,,582.4794921875,
10.940811157226562,,,51,249.43031311035156,,,133.00567626953125,,,27.553802490234375,,,1455,512.0654907226562,,,512.0654907226562
,6.417783260345459,,51,,272.654541015625,,,46.98018264770508,,,11.706287384033203,,1455,,554.140380859375,,
1.7650649547576904,,,52,270.1510925292969,,,7.927219867706299,,,6.149482345563229e-08,,,1483,542.8677978515625,,,542.8677978515625
,7.572939395904541,,52,,273.4600524902344,,,66.43000030517578,,,15.62999153137207,,1483,,557.2734375,,
,,4.50962495803833,53,,,240.51031494140625,,,4.308488368988037,,,1.7604524771286378e-07,1499,,,486.2577209472656,
3.2475435733795166,,,53,255.79327392578125,,,5.379399299621582,,,9.513140497574568e-08,,,1511,515.54638671875,,,515.54638671875
,7.616230487823486,,53,,265.2679443359375,,,17.928224563598633,,,13.353854179382324,,1511,,540.4349365234375,,
7.750773906707764,,,54,266.6959228515625,,,47.066749572753906,,,19.260210037231445,,,1539,543.2431030273438,,,543.2431030273438
,7.672928810119629,,54,,262.6160583496094,,,113.32313537597656,,,18.582725524902344,,1539,,535.1641235351562,,
,,3.733156204223633,55,,,241.25320434570312,,,3.3485777378082275,,,1.5431810140853486e-07,1549,,,486.89373779296875,
8.238938331604004,,,55,263.377197265625,,,17.057035446166992,,,16.10753631591797,,,1567,537.5062255859375,,,537.5062255859375
,5.737430572509766,,55,,269.1947021484375,,,34.62443542480469,,,12.334339141845703,,1567,,546.2705688476562,,
9.488334655761719,,,56,294.78399658203125,,,47.42744064331055,,,26.120887756347656,,,1595,604.5806274414062,,,604.5806274414062
,7.629105091094971,,56,,263.34161376953125,,,53.72870635986328,,,16.747486114501953,,1595,,536.7692260742188,,
,,2.52374529838562,57,,,244.14688110351562,,,3.2283456325531006,,,8.698865627820851e-08,1599,,,491.23065185546875,
9.482495307922363,,,57,249.6582794189453,,,57.63877487182617,,,15.381176948547363,,,1623,510.8040771484375,,,510.8040771484375
,7.354828357696533,,57,,266.52105712890625,,,42.03545379638672,,,17.02419090270996,,1623,,542.8648071289062,,
,,22.067222595214844,58,,,218.66856384277344,,,152.9552459716797,,,68.518798828125,1649,,,463.51812744140625,
8.3076810836792,,,58,262.9851989746094,,,113.882568359375,,,23.73589324951172,,,1651,536.4945068359375,,,536.4945068359375
,6.327329635620117,,58,,276.51531982421875,,,42.88465118408203,,,14.002187728881836,,1651,,562.4021606445312,,
2.4580020904541016,,,59,288.6976623535156,,,22.202930450439453,,,4.034615486148141e-08,,,1679,582.5296630859375,,,582.5296630859375
,8.24609375,,59,,264.8739929199219,,,35.904685974121094,,,16.867137908935547,,1679,,540.7947387695312,,
,,1.3189164400100708,60,,,289.51904296875,,,40.50464630126953,,,7.749386909949862e-09,1699,,,581.85888671875,
8.306946754455566,,,60,265.7884826660156,,,29.987783432006836,,,18.141185760498047,,,1707,543.241455078125,,,543.241455078125
,6.992398262023926,,60,,266.3915710449219,,,58.75300216674805,,,13.34936809539795,,1707,,542.2593383789062,,
1.548730492591858,,,61,333.5897521972656,,,12.12812614440918,,,2.334989446239888e-08,,,1735,674.7986450195312,,,674.7986450195312
,4.831461429595947,,61,,267.3335876464844,,,18.393421173095703,,,6.489361763000488,,1735,,541.5175170898438,,
,,1.4850051403045654,62,,,333.53955078125,,,12.100969314575195,,,2.0195299654801602e-08,1749,,,674.5402221679688,
7.697613716125488,,,62,282.4739685058594,,,23.311784744262695,,,12.833948135375977,,,1763,576.2464599609375,,,576.2464599609375
,4.714386940002441,,62,,283.4620666503906,,,21.989105224609375,,,6.787930965423584,,1763,,574.7486572265625,,
2.5554721355438232,,,63,284.40216064453125,,,9.268937110900879,,,4.8641222605283474e-08,,,1791,573.7139892578125,,,573.7139892578125
,3.8491311073303223,,63,,280.2308044433594,,,19.43990707397461,,,3.9838263988494873,,1791,,566.6026611328125,,
,,1.1721723079681396,64,,,333.50445556640625,,,14.349655151367188,,,3.226479350360023e-08,1799,,,673.4656372070312,
14.283937454223633,,,64,240.65528869628906,,,69.26100158691406,,,24.453699111938477,,,1819,498.5270690917969,,,498.5270690917969
,4.064619064331055,,64,,272.9136962890625,,,24.092622756958008,,,3.9523773193359375,,1819,,551.7194213867188,,
0.9793497920036316,,,65,304.61163330078125,,,44.2722282409668,,,2.0341376583132842e-08,,,1847,612.5693969726562,,,612.5693969726562
,5.924037933349609,,65,,280.3683166503906,,,36.970252990722656,,,8.682158470153809,,1847,,569.4586791992188,,
,,0.8296331167221069,66,,,287.192138671875,,,60.94206237792969,,,1.4159778238820309e-08,1849,,,576.08349609375,
1.8498777151107788,,,66,271.05059814453125,,,27.42609977722168,,,3.823398131430622e-08,,,1875,544.71875,,,544.71875
,6.378245830535889,,66,,277.4669494628906,,,49.48149490356445,,,8.621237754821777,,1875,,563.9684448242188,,
,,0.8859921097755432,67,,,288.4573974609375,,,71.94078826904297,,,1.4241541279602643e-08,1899,,,578.693359375,
7.150671482086182,,,67,277.97833251953125,,,51.65721893310547,,,11.927668571472168,,,1903,566.4619750976562,,,566.4619750976562
,5.436311721801758,,67,,268.2580261230469,,,27.165117263793945,,,5.682277679443359,,1903,,543.8187255859375,,
2.674846887588501,,,68,255.76487731933594,,,7.450947284698486,,,6.537015906360466e-08,,,1931,514.8388061523438,,,514.8388061523438
,4.008911609649658,,68,,286.02569580078125,,,27.567901611328125,,,3.629086971282959,,1931,,578.5175170898438,,
,,4.082307815551758,69,,,241.54470825195312,,,4.959082126617432,,,8.888224556358182e-08,1949,,,487.9207763671875,
6.9998674392700195,,,69,282.1293640136719,,,31.597864151000977,,,3.994096279144287,,,1959,574.1657104492188,,,574.1657104492188
,4.500391960144043,,69,,277.62860107421875,,,32.26418685913086,,,3.065311908721924,,1959,,561.94677734375,,
7.206824779510498,,,70,263.4440002441406,,,35.710731506347656,,,4.087695121765137,,,1987,535.8882446289062,,,535.8882446289062
,4.077054023742676,,70,,283.0683898925781,,,48.6389274597168,,,2.6691734790802,,1987,,572.2579956054688,,
,,0.6183176040649414,71,,,288.6888122558594,,,91.65962219238281,,,2.008127353292366e-08,1999,,,578.5773315429688,
0.8528352975845337,,,71,299.0406188964844,,,16.675689697265625,,,3.087966859993685e-08,,,2015,600.6266479492188,,,600.6266479492188
,5.5638604164123535,,71,,277.0221252441406,,,46.43095016479492,,,4.451263427734375,,2015,,561.700927734375,,
0.8329646587371826,,,72,298.9117736816406,,,14.009130477905273,,,2.4749866156525968e-08,,,2043,600.6070556640625,,,600.6070556640625
,6.840036392211914,,72,,262.29168701171875,,,23.139650344848633,,,4.308337688446045,,2043,,533.4918212890625,,
,,20.129802703857422,73,,,217.8028564453125,,,17.562946319580078,,,19.243656158447266,2049,,,460.0302734375,
13.706280708312988,,,73,242.88229370117188,,,33.30520248413086,,,10.956045150756836,,,2071,502.23712158203125,,,502.23712158203125
,6.155693531036377,,73,,266.3943176269531,,,24.897245407104492,,,4.225894927978516,,2071,,540.9485473632812,,
,,18.936847686767578,74,,,219.8269805908203,,,8.044825553894043,,,15.26070499420166,2099,,,461.9707946777344,
2.069350242614746,,,74,288.48455810546875,,,26.139631271362305,,,3.451681607202772e-08,,,2099,581.2610473632812,,,581.2610473632812
,6.164830684661865,,74,,267.2479553222656,,,16.262937545776367,,,3.843818426132202,,2099,,542.9468994140625,,
1.0213878154754639,,,75,319.2806091308594,,,17.739229202270508,,,1.2468098553597429e-08,,,2127,643.3214721679688,,,643.3214721679688
,3.3117449283599854,,75,,280.5997009277344,,,129.46051025390625,,,2.1686007976531982,,2127,,566.2625732421875,,
,,0.7656120657920837,76,,,288.60479736328125,,,27.429576873779297,,,3.5466662939853677e-09,2149,,,578.870849609375,
12.545912742614746,,,76,236.73692321777344,,,818.5662231445312,,,5.7772088050842285,,,2155,488.6673889160156,,,488.6673889160156
,3.977266311645508,,76,,276.09075927734375,,,249.29519653320312,,,1.8251848220825195,,2155,,558.4432983398438,,
6.781885623931885,,,77,260.16064453125,,,150.0084686279297,,,1.3324280977249146,,,2183,528.8240356445312,,,528.8240356445312
,3.9258828163146973,,77,,269.73828125,,,73.37924194335938,,,0.5324335694313049,,2183,,545.3111572265625,,
,,15.664762496948242,78,,,213.2377471923828,,,80.77876281738281,,,1.133439302444458,2199,,,444.70404052734375,
1.7924387454986572,,,78,288.4118347167969,,,17.639617919921875,,,4.7100474631633915e-08,,,2211,580.5728149414062,,,580.5728149414062
,3.376734495162964,,78,,288.06402587890625,,,40.032554626464844,,,0.338959276676178,,2211,,581.9209594726562,,
7.905585765838623,,,79,252.23281860351562,,,7.667205333709717,,,0.08713231235742569,,,2239,515.3023071289062,,,515.3023071289062
,4.491650104522705,,79,,272.07318115234375,,,18.50449562072754,,,0.11646506190299988,,2239,,550.6259765625,,
,,18.110092163085938,80,,,186.87985229492188,,,8.527580261230469,,,0.26361507177352905,2249,,,395.02587890625,
4.02720308303833,,,80,241.7135467529297,,,1.0464656352996826,,,7.190771356135883e-08,,,2267,488.0807189941406,,,488.0807189941406
,4.606756687164307,,80,,260.68438720703125,,,9.417902946472168,,,0.03487756475806236,,2267,,527.513916015625,,
2.296701669692993,,,81,232.29385375976562,,,1.2207379341125488,,,3.660379732650654e-08,,,2295,467.4666748046875,,,467.4666748046875
,5.591310501098633,,81,,254.59019470214844,,,7.243424415588379,,,0.01934235170483589,,2295,,516.7367553710938,,
,,3.2010183334350586,82,,,191.67181396484375,,,0.06784426420927048,,,5.19036085222524e-08,2299,,,387.158935546875,
1.1946195363998413,,,82,2.182241916656494,,,41.325164794921875,,,1.1857171955398371e-07,,,2323,7.3498663902282715,,,7.3498663902282715
,4.698794841766357,,82,,76.37922668457031,,,7.735051155090332,,,0.006579822860658169,,2323,,159.06875610351562,,
,,0.3819517493247986,83,,,1.622715950012207,,,3.804520845413208,,,8.959526098806236e-08,2349,,,5.447482109069824,
2.3360202312469482,,,83,1.4808317422866821,,,16.042884826660156,,,8.258448502829197e-08,,,2351,8.716821670532227,,,8.716821670532227
,4.40688419342041,,83,,2.809760808944702,,,6.497131824493408,,,0.0018783311825245619,,2351,,12.932900428771973,,
0.9668442606925964,,,84,1.3885126113891602,,,1.784342885017395,,,5.3601223015675714e-08,,,2379,5.307584285736084,,,5.307584285736084
,4.362427234649658,,84,,2.656263589859009,,,14.865596771240234,,,0.0012088678777217865,,2379,,12.543783187866211,,
,,2.584735870361328,85,,,0.13605311512947083,,,0.0028213458135724068,,,6.211933367694655e-08,2399,,,10.83796501159668,
4.426164627075195,,,85,2.3572616577148438,,,0.9961661696434021,,,0.00023091777984518558,,,2407,11.265703201293945,,,11.265703201293945
,4.108776569366455,,85,,1.9669674634933472,,,7.991859436035156,,,0.0003675197367556393,,2407,,10.81159496307373,,
1.737020492553711,,,86,0.6705966591835022,,,8.897344589233398,,,5.3684210854498815e-08,,,2435,7.268224239349365,,,7.268224239349365
,4.498980522155762,,86,,1.8030531406402588,,,3.540916919708252,,,0.0002417741488898173,,2435,,11.794095039367676,,
,,2.0630123615264893,87,,,0.9562020301818848,,,19.878419876098633,,,5.192529073383412e-08,2449,,,6.3718180656433105,
6.317570686340332,,,87,2.0617599487304688,,,0.16624385118484497,,,0.0001818234013626352,,,2463,16.4948787689209,,,16.4948787689209
,3.2554194927215576,,87,,1.3712431192398071,,,6.369846343994141,,,7.202691631391644e-05,,2463,,8.711429595947266,,
5.184513092041016,,,88,1.9789878129959106,,,4.011714458465576,,,7.825056673027575e-05,,,2491,11.600871086120605,,,11.600871086120605
,4.311053276062012,,88,,1.578999400138855,,,2.308293104171753,,,9.339911775896326e-05,,2491,,9.943906784057617,,
,,1.9594919681549072,89,,,0.6637211441993713,,,0.5320570468902588,,,2.0922765742170668e-08,2499,,,3.600747585296631,
5.255423069000244,,,89,4.2324042320251465,,,0.26203230023384094,,,0.00012161433551227674,,,2519,17.65488624572754,,,17.65488624572754
,3.405376434326172,,89,,1.2949837446212769,,,3.078207015991211,,,3.44877626048401e-05,,2519,,8.758749961853027,,
1.8911921977996826,,,90,0.3229950964450836,,,5.144065856933594,,,3.277797233636193e-08,,,2547,6.313319683074951,,,6.313319683074951
,3.9021739959716797,,90,,2.118967294692993,,,1.9634994268417358,,,3.629429920692928e-05,,2547,,10.521679878234863,,
,,0.5385417342185974,91,,,0.3547666072845459,,,0.1869766265153885,,,3.443913243472707e-08,2549,,,2.907588481903076,
1.5268162488937378,,,91,0.5473686456680298,,,2.111168622970581,,,2.902712914476524e-08,,,2575,3.887504816055298,,,3.887504816055298
,4.659957408905029,,91,,4.033566951751709,,,0.9917722940444946,,,6.607035174965858e-05,,2575,,15.289037704467773,,
,,1.4718878269195557,92,,,0.23053321242332458,,,5.529175281524658,,,3.139192372714206e-08,2599,,,3.670254707336426,
6.389710426330566,,,92,5.143099784851074,,,0.24981696903705597,,,5.152162702870555e-05,,,2603,17.688581466674805,,,17.688581466674805
,3.805654287338257,,92,,2.525014638900757,,,1.8576890230178833,,,3.222881423425861e-05,,2603,,11.422255516052246,,
1.5472297668457031,,,93,0.3282302916049957,,,5.569645404815674,,,3.8252892409218475e-08,,,2631,5.485915660858154,,,5.485915660858154
,3.7221837043762207,,93,,2.3555428981781006,,,1.5430572032928467,,,3.564697180991061e-05,,2631,,11.193415641784668,,
,,1.3283236026763916,94,,,0.42898184061050415,,,10.216449737548828,,,4.500538608454008e-08,2649,,,3.692525863647461,
1.7163230180740356,,,94,0.5581669211387634,,,6.61926794052124,,,3.646962198899928e-08,,,2659,3.9400904178619385,,,3.9400904178619385
,4.872238636016846,,94,,4.015235424041748,,,0.6180305480957031,,,5.932492422289215e-05,,2659,,16.07659912109375,,
2.0178091526031494,,,95,0.5126458406448364,,,0.43213745951652527,,,2.3564171058865213e-08,,,2687,5.156144142150879,,,5.156144142150879
,2.5771193504333496,,95,,1.5562702417373657,,,1.627783179283142,,,2.1087415007059462e-05,,2687,,8.247029304504395,,
,,1.0653024911880493,96,,,0.24279490113258362,,,8.478137016296387,,,4.724837765479606e-08,2699,,,2.753790855407715,
0.6645551323890686,,,96,0.18464235961437225,,,2.0227112770080566,,,4.334557601737288e-08,,,2715,2.1475157737731934,,,2.1475157737731934
,4.988001346588135,,96,,4.1905341148376465,,,1.8933178186416626,,,4.8156911361729726e-05,,2715,,15.713868141174316,,
5.03603458404541,,,97,4.839971542358398,,,6.785656452178955,,,7.282073784153908e-05,,,2743,16.44605827331543,,,16.44605827331543
,2.3794572353363037,,97,,1.6083698272705078,,,1.6299582719802856,,,1.5715389963588677e-05,,2743,,7.372481346130371,,
,,0.9754186868667603,98,,,0.8246450424194336,,,22.82571029663086,,,8.79214354654323e-08,2749,,,3.7441303730010986,
1.6546807289123535,,,98,0.5046464800834656,,,4.5243821144104,,,4.69730458974027e-08,,,2771,5.02337646484375,,,5.02337646484375
,3.3416085243225098,,98,,2.905447244644165,,,3.6554112434387207,,,3.260055746068247e-05,,2771,,10.867490768432617,,
,,1.1087009906768799,99,,,0.2862556576728821,,,9.195781707763672,,,5.6665264480670885e-08,2799,,,2.9080026149749756,
1.6774455308914185,,,99,0.36378049850463867,,,3.531252145767212,,,3.7323296453450894e-08,,,2799,4.773927211761475,,,4.773927211761475
,2.07869553565979,,99,,1.2318711280822754,,,3.8251562118530273,,,1.1708782949426677e-05,,2799,,6.27421236038208,,
5.1079421043396,,,100,4.983819484710693,,,4.465864181518555,,,6.811061030020937e-05,,,2827,16.36876678466797,,,16.36876678466797
,2.0670289993286133,,100,,1.250136375427246,,,2.5893654823303223,,,1.0701397513912525e-05,,2827,,7.149394512176514,,
,,0.42121222615242004,101,,,0.3146606981754303,,,0.5670218467712402,,,7.653159173059976e-08,2849,,,1.647228717803955,
9.323165893554688,,,101,9.77624797821045,,,0.24278324842453003,,,8.044249261729419e-05,,,2855,30.93212890625,,,30.93212890625
,2.6378707885742188,,101,,2.1222567558288574,,,2.576606512069702,,,2.4766633941908367e-05,,2855,,8.554859161376953,,
4.368721008300781,,,102,5.359278202056885,,,0.13940148055553436,,,5.3744799515698105e-05,,,2883,18.82743263244629,,,18.82743263244629
,3.5569260120391846,,102,,3.2485508918762207,,,2.9097578525543213,,,3.2436877518193796e-05,,2883,,11.549592971801758,,
,,2.723468542098999,103,,,0.4844202399253845,,,0.5679492354393005,,,1.6279816605901942e-08,2899,,,4.041005611419678,
5.320631504058838,,,103,5.060793399810791,,,0.22703145444393158,,,4.274350794730708e-05,,,2911,17.67339515686035,,,17.67339515686035
,2.768709182739258,,103,,1.9851100444793701,,,2.071608781814575,,,1.1345394341333304e-05,,2911,,8.039375305175781,,
7.92494535446167,,,104,8.91242504119873,,,0.08724848181009293,,,9.204570960719138e-05,,,2939,29.044719696044922,,,29.044719696044922
,2.4109296798706055,,104,,2.04240083694458,,,3.0297625064849854,,,1.6459034668514505e-05,,2939,,7.835791110992432,,
,,0.7087953090667725,105,,,0.2505713701248169,,,12.620323181152344,,,7.756895570310007e-08,2949,,,2.005969285964966,
0.3883543014526367,,,105,0.31953394412994385,,,0.39554113149642944,,,5.122333490703568e-08,,,2967,1.664500117301941,,,1.664500117301941
,3.513625383377075,,105,,3.789980888366699,,,3.2429065704345703,,,3.0911607609596103e-05,,2967,,12.908936500549316,,
4.465712547302246,,,106,6.131948471069336,,,7.0694580078125,,,4.1176146623911336e-05,,,2995,17.84088706970215,,,17.84088706970215
,2.9700300693511963,,106,,2.813145637512207,,,2.5126953125,,,1.9157912902301177e-05,,2995,,10.121912956237793,,
,,12.580324172973633,107,,,13.263015747070312,,,0.018370188772678375,,,0.00012753646296914667,2999,,,41.19063949584961,
5.159026145935059,,,107,5.17311429977417,,,0.23022425174713135,,,4.6860855945851654e-05,,,3023,17.812118530273438,,,17.812118530273438
,2.868722677230835,,107,,2.6646199226379395,,,2.111405372619629,,,2.0149383999523707e-05,,3023,,9.739690780639648,,
,,2.8825325965881348,108,,,0.3036237359046936,,,0.443273663520813,,,9.88084813968726e-09,3049,,,3.8065953254699707,
7.444491386413574,,,108,10.630949020385742,,,5.386958599090576,,,8.275195432361215e-05,,,3051,30.22786521911621,,,30.22786521911621
,3.004263401031494,,108,,2.695688009262085,,,1.845287561416626,,,1.8167524103773758e-05,,3051,,9.626837730407715,,
1.2752909660339355,,,109,0.20065943896770477,,,3.015087366104126,,,4.332441250198826e-08,,,3079,3.6297807693481445,,,3.6297807693481445
,4.756692409515381,,109,,5.668008327484131,,,2.0099451541900635,,,4.3152394937351346e-05,,3079,,17.22768783569336,,
,,0.7134041786193848,110,,,0.20979322493076324,,,13.018255233764648,,,7.561555293023048e-08,3099,,,1.869655966758728,
0.7819644212722778,,,110,0.1792866438627243,,,3.7461235523223877,,,7.092685905263352e-08,,,3107,4.4019012451171875,,,4.4019012451171875
,2.550065517425537,,110,,2.5628957748413086,,,2.7864913940429688,,,1.4415876648854464e-05,,3107,,8.849663734436035,,
6.889959335327148,,,111,9.869277000427246,,,4.854362964630127,,,8.606879418948665e-05,,,3135,28.13653564453125,,,28.13653564453125
,3.2418174743652344,,111,,3.848174810409546,,,1.8997769355773926,,,1.70235780387884e-05,,3135,,12.89932918548584,,
,,11.351962089538574,112,,,17.596538543701172,,,0.002492210129275918,,,7.946859113872051e-05,3149,,,48.75246810913086,
0.4132157862186432,,,112,0.11626119166612625,,,0.46285635232925415,,,5.969827299168173e-08,,,3163,2.1667885780334473,,,2.1667885780334473
,2.90785813331604,,112,,4.017641067504883,,,3.174757719039917,,,2.685475737962406e-05,,3163,,12.212718963623047,,
0.5508084297180176,,,113,0.1806778907775879,,,6.719735145568848,,,1.029804863605932e-07,,,3191,3.6410412788391113,,,3.6410412788391113
,4.144185543060303,,113,,5.522887706756592,,,1.4884123802185059,,,2.4469061827403493e-05,,3191,,16.832706451416016,,
,,1.5755066871643066,114,,,1.6794973611831665,,,0.27176135778427124,,,5.955016924019674e-09,3199,,,5.1484527587890625,
6.385951519012451,,,114,9.74079418182373,,,0.22266855835914612,,,5.666827200911939e-05,,,3219,27.4042911529541,,,27.4042911529541
,3.5683505535125732,,114,,4.976525783538818,,,4.405557155609131,,,2.425493221380748e-05,,3219,,14.81903076171875,,
7.405372142791748,,,115,9.796256065368652,,,0.08207220584154129,,,6.677988130832091e-05,,,3247,28.516340255737305,,,28.516340255737305
,1.563991665840149,,115,,1.6733644008636475,,,4.915950298309326,,,9.14545489649754e-06,,3247,,5.820505142211914,,
,,8.775259017944336,116,,,14.08040714263916,,,0.0002715604205150157,,,7.137127249734476e-05,3249,,,38.492042541503906,
6.647250652313232,,,116,11.273118019104004,,,0.4115942418575287,,,6.534852582262829e-05,,,3275,30.803752899169922,,,30.803752899169922
,1.3446440696716309,,116,,1.316121220588684,,,6.117176532745361,,,6.263844625209458e-06,,3275,,4.891783237457275,,
,,0.3086329698562622,117,,,0.14641818404197693,,,0.045805953443050385,,,1.7552842734858132e-07,3299,,,3.525698184967041,
0.8461370468139648,,,117,0.11558619141578674,,,1.0680327415466309,,,3.656102620652746e-08,,,3303,1.3014007806777954,,,1.3014007806777954
,2.5991485118865967,,117,,3.26725697517395,,,6.5622076988220215,,,1.4934124919818714e-05,,3303,,10.277112007141113,,
3.975649833679199,,,118,5.185942649841309,,,0.4545018970966339,,,1.906891520775389e-05,,,3331,14.987895965576172,,,14.987895965576172
,1.8072762489318848,,118,,2.0466606616973877,,,6.278678894042969,,,6.544710231537465e-06,,3331,,6.860466480255127,,
,,0.2933799624443054,119,,,0.13389840722084045,,,1.4766640663146973,,,4.688342514214128e-08,3349,,,0.7026342153549194,
7.249229907989502,,,119,11.247581481933594,,,0.0801212340593338,,,5.115171734360047e-05,,,3359,31.40789031982422,,,31.40789031982422
,2.4311771392822266,,119,,3.3283286094665527,,,6.930787563323975,,,1.3346651030587964e-05,,3359,,10.22317886352539,,
1.724264144897461,,,120,0.123784638941288,,,0.5453037023544312,,,1.6228927535166804e-08,,,3387,2.166771173477173,,,2.166771173477173
,2.3501369953155518,,120,,2.6681904792785645,,,6.6425042152404785,,,6.857849712105235e-06,,3387,,8.588702201843262,,
,,1.606168508529663,121,,,0.13282714784145355,,,0.16397538781166077,,,4.855732704811544e-09,3399,,,2.0997719764709473,
3.343268632888794,,,121,5.450802326202393,,,10.579941749572754,,,1.8017708498518914e-05,,,3415,15.823723793029785,,,15.823723793029785
,1.3684908151626587,,121,,1.607912302017212,,,12.702957153320312,,,3.0390199299290543e-06,,3415,,5.127566814422607,,
2.917823076248169,,,122,4.506404399871826,,,12.571540832519531,,,1.6241248886217363e-05,,,3443,12.442978858947754,,,12.442978858947754
,2.139880657196045,,122,,2.5515496730804443,,,8.22192668914795,,,6.76769423080259e-06,,3443,,8.057376861572266,,
,,0.25425833463668823,123,,,0.15085652470588684,,,28.509681701660156,,,2.3499410417571198e-07,3449,,,0.6673049926757812,
5.491869926452637,,,123,7.74662446975708,,,0.4681299328804016,,,2.8477727028075606e-05,,,3471,22.291763305664062,,,22.291763305664062
,1.6527234315872192,,123,,2.2100119590759277,,,14.665624618530273,,,4.904014076601015e-06,,3471,,6.587044715881348,,
,,10.513304710388184,124,,,14.116368293762207,,,0.0005585082108154893,,,2.811583544826135e-05,3499,,,40.59104537963867,
6.272569179534912,,,124,11.99697494506836,,,0.05043428763747215,,,3.9126058254623786e-05,,,3499,32.35008239746094,,,32.35008239746094
,1.8572922945022583,,124,,2.059379816055298,,,8.87527847290039,,,4.411132977111265e-06,,3499,,6.671102046966553,,
0.660180389881134,,,125,0.1317809671163559,,,14.806852340698242,,,9.516048748992034e-08,,,3527,1.0216760635375977,,,1.0216760635375977
,1.950985074043274,,125,,2.564957857131958,,,5.781925678253174,,,5.507834885065677e-06,,3527,,7.908833026885986,,
,,9.859580039978027,126,,,16.098621368408203,,,0.0029710675589740276,,,2.5998779165092856e-05,3549,,,43.9649772644043,
0.17961984872817993,,,126,0.12334872037172318,,,28.662092208862305,,,1.9217131352888828e-07,,,3555,0.4754979908466339,,,0.4754979908466339
,2.714228630065918,,126,,4.03046989440918,,,13.463655471801758,,,7.746461051283404e-06,,3555,,11.616974830627441,,
0.12615863978862762,,,127,0.1680227369070053,,,11.261214256286621,,,2.758676487246703e-07,,,3583,1.7950451374053955,,,1.7950451374053955
,3.178776264190674,,127,,4.451985836029053,,,8.152796745300293,,,7.2607949732628185e-06,,3583,,12.814413070678711,,
,,0.10951586067676544,128,,,0.16045719385147095,,,0.23133112490177155,,,2.8832198495365446e-07,3599,,,2.3779218196868896,
2.9962263107299805,,,128,5.947699069976807,,,12.78569221496582,,,9.338386007584631e-06,,,3611,16.265209197998047,,,16.265209197998047
,1.6395654678344727,,128,,1.8639949560165405,,,9.495834350585938,,,3.45357784681255e-06,,3611,,5.987952709197998,,
0.15256914496421814,,,129,0.13529343903064728,,,0.7224721312522888,,,2.1788233084407693e-07,,,3639,1.5406886339187622,,,1.5406886339187622
,0.9497424960136414,,129,,1.1825625896453857,,,12.246745109558105,,,1.039250264511793e-06,,3639,,4.095144271850586,,
,,1.9561940431594849,130,,,0.1186324954032898,,,0.13341264426708221,,,3.3037701463456415e-09,3649,,,2.363234519958496,
1.2343816757202148,,,130,0.11253783851861954,,,0.5450397729873657,,,1.0235033265360016e-08,,,3667,1.580289363861084,,,1.580289363861084
,1.2375036478042603,,130,,1.3789445161819458,,,13.11892318725586,,,1.491261855335324e-06,,3667,,4.447994232177734,,
2.9385249614715576,,,131,4.148935794830322,,,14.954679489135742,,,4.15844669987564e-06,,,3695,11.859954833984375,,,11.859954833984375
,1.1573859453201294,,131,,1.2869541645050049,,,11.42877197265625,,,1.4917067119313288e-06,,3695,,4.261356353759766,,
,,1.1954838037490845,132,,,0.11790631711483002,,,0.10899219661951065,,,3.0804356843106007e-09,3699,,,1.592110514640808,
0.5122435092926025,,,132,0.1346338838338852,,,14.16943645477295,,,9.520212529423588e-08,,,3723,0.8452852964401245,,,0.8452852964401245
,2.046931028366089,,132,,3.1937339305877686,,,2.721712589263916,,,3.2597858989902306e-06,,3723,,9.390029907226562,,
,,1.2686209678649902,133,,,0.12645646929740906,,,0.09429516643285751,,,2.8452578071380685e-09,3749,,,1.6741968393325806,
0.5579361319541931,,,133,0.11100814491510391,,,15.956989288330078,,,2.2159406398714054e-07,,,3751,1.293298602104187,,,1.293298602104187
,3.2455873489379883,,133,,5.145541191101074,,,12.227298736572266,,,4.851536687056068e-06,,3751,,14.366308212280273,,
0.07750359922647476,,,134,0.08821992576122284,,,0.5917661786079407,,,3.732484685770032e-07,,,3779,1.6685079336166382,,,1.6685079336166382
,2.172642469406128,,134,,3.8326210975646973,,,8.361173629760742,,,2.5308602289442206e-06,,3779,,10.482972145080566,,
,,1.552170753479004,135,,,0.11442574858665466,,,0.07294119149446487,,,1.9017483143812797e-09,3799,,,1.9174050092697144,
0.11596640199422836,,,135,0.08997306227684021,,,0.775646448135376,,,2.613626293168636e-07,,,3807,1.2804332971572876,,,1.2804332971572876
,1.6347811222076416,,135,,2.508791208267212,,,9.155659675598145,,,1.4062269428904983e-06,,3807,,7.1559882164001465,,
0.500285804271698,,,136,0.1088295727968216,,,0.3162544369697571,,,2.4270113385682635e-07,,,3835,1.6840242147445679,,,1.6840242147445679
,2.0267019271850586,,136,,2.854440450668335,,,7.603454113006592,,,1.1573939673326095e-06,,3835,,8.281787872314453,,
,,0.11667528748512268,137,,,0.11229037493467331,,,46.026737213134766,,,2.7098036525785574e-07,3849,,,0.3696613311767578,
5.639225482940674,,,137,11.000679016113281,,,0.029205497354269028,,,3.213783656974556e-06,,,3863,28.9255313873291,,,28.9255313873291
,1.2903873920440674,,137,,2.000002384185791,,,14.592439651489258,,,1.028679321279924e-06,,3863,,5.786645889282227,,
2.3354947566986084,,,138,4.593973159790039,,,0.5969039797782898,,,2.024592959060101e-06,,,3891,12.490226745605469,,,12.490226745605469
,1.9744623899459839,,138,,3.646960496902466,,,10.815901756286621,,,1.0600421092021861e-06,,3891,,9.908141136169434,,
,,8.648818969726562,139,,,15.040918350219727,,,0.01319599524140358,,,3.0640344448329415e-06,3899,,,39.77332305908203,
2.684492588043213,,,139,6.595330238342285,,,0.6138284802436829,,,1.5331326039813575e-06,,,3919,17.152925491333008,,,17.152925491333008
,1.6008418798446655,,139,,2.637376070022583,,,13.463299751281738,,,8.648036669001158e-07,,3919,,7.4688544273376465,,
0.4407636523246765,,,140,3.054075002670288,,,153.7100830078125,,,2.0374413622903376e-07,,,3947,6.808206558227539,,,6.808206558227539
,2.5033469200134277,,140,,6.325880527496338,,,26.620737075805664,,,1.1072331744799158e-06,,3947,,16.01409149169922,,
,,0.26378732919692993,141,,,1.443769931793213,,,20.67436981201172,,,6.91328068569419e-07,3949,,,5.219525337219238,
0.9455035328865051,,,141,1.9332753419876099,,,71.92388916015625,,,2.421687099740666e-07,,,3975,6.218838691711426,,,6.218838691711426
,2.3294708728790283,,141,,5.174854755401611,,,24.379634857177734,,,9.57463271333836e-07,,3975,,14.062225341796875,,
,,6.958176612854004,142,,,17.01890754699707,,,0.005710981320589781,,,3.2130540148500586e-06,3999,,,42.58122253417969,
2.3524959087371826,,,142,4.812984466552734,,,80.56069946289062,,,5.802907026009052e-07,,,4003,12.881095886230469,,,12.881095886230469
,2.133868455886841,,142,,4.071805477142334,,,17.84927749633789,,,7.142783715607948e-07,,4003,,11.740062713623047,,
2.4012317657470703,,,143,5.565701961517334,,,66.0820083618164,,,7.934846166790521e-07,,,4031,14.416510581970215,,,14.416510581970215
,1.6564329862594604,,143,,2.8706722259521484,,,18.120643615722656,,,5.576486046265927e-07,,4031,,8.872051239013672,,
,,0.3811509311199188,144,,,0.5096929669380188,,,7.026745796203613,,,4.5369750978352386e-07,4049,,,3.8611867427825928,
1.9699723720550537,,,144,4.980915069580078,,,0.9706832766532898,,,5.761610850640864e-07,,,4059,13.176292419433594,,,13.176292419433594
,2.327911853790283,,144,,4.63777494430542,,,29.468549728393555,,,6.134848717920249e-07,,4059,,12.673738479614258,,
1.926805019378662,,,145,3.4411275386810303,,,1.5983978509902954,,,4.956679617862392e-07,,,4087,10.379697799682617,,,10.379697799682617
,1.6719924211502075,,145,,3.2058866024017334,,,24.454343795776367,,,3.259918912590365e-07,,4087,,8.787609100341797,,
,,0.2840782403945923,146,,,0.2819005250930786,,,1.3174234628677368,,,2.6017858090199297e-08,4099,,,1.472956657409668,
0.2050977647304535,,,146,0.2888798117637634,,,3.6954097747802734,,,3.0835241204840713e-07,,,4115,2.3033697605133057,,,2.3033697605133057
,1.7301145792007446,,146,,3.333845853805542,,,8.23348617553711,,,4.273990725778276e-07,,4115,,9.538811683654785,,
0.8968416452407837,,,147,0.46120813488960266,,,26.738895416259766,,,7.033446536297561e-08,,,4143,2.067525625228882,,,2.067525625228882
,2.5699944496154785,,147,,5.893064498901367,,,17.13544464111328,,,5.883832159270241e-07,,4143,,15.126724243164062,,
,,0.48312318325042725,148,,,0.9274402260780334,,,69.46453857421875,,,1.7067671365111892e-07,4149,,,2.4750125408172607,
2.3327295780181885,,,148,5.0629167556762695,,,21.150434494018555,,,4.577845231779065e-07,,,4171,13.469962120056152,,,13.469962120056152
,1.6330337524414062,,148,,3.148160457611084,,,15.13989543914795,,,2.788896722449863e-07,,4171,,8.702606201171875,,
,,1.1421699523925781,149,,,0.15223824977874756,,,0.07664994150400162,,,1.501192503639004e-09,4199,,,1.4979915618896484,
0.1457759588956833,,,149,0.17594151198863983,,,1.2524787187576294,,,1.330051446757352e-07,,,4199,1.1869183778762817,,,1.1869183778762817
,0.8392933011054993,,149,,1.4784122705459595,,,14.89738655090332,,,2.2474951322237757e-07,,4199,,4.321683406829834,,
1.004380702972412,,,150,0.18891121447086334,,,0.39693593978881836,,,9.371510678590766e-09,,,4227,1.4770927429199219,,,1.4770927429199219
,1.0977329015731812,,150,,1.8362791538238525,,,10.592561721801758,,,2.0001036205030687e-07,,4227,,5.285555362701416,,
,,0.09502194821834564,151,,,0.064862921833992,,,1.1428006887435913,,,3.1445267723029247e-07,4249,,,1.607454538345337,
2.3551254272460938,,,151,6.115496635437012,,,0.6407420039176941,,,4.4350133521220414e-07,,,4255,15.478418350219727,,,15.478418350219727
,1.1266568899154663,,151,,2.1401000022888184,,,13.693931579589844,,,2.094063660251777e-07,,4255,,5.84140682220459,,
2.2087182998657227,,,152,5.748095512390137,,,0.4715064465999603,,,3.8879676367287175e-07,,,4283,14.58768367767334,,,14.58768367767334
,1.45109224319458,,152,,2.4020285606384277,,,7.24967098236084,,,1.9121105765407265e-07,,4283,,6.7065324783325195,,
,,0.10037456452846527,153,,,0.34589022397994995,,,3.4724059104919434,,,2.733904409524257e-07,4299,,,2.2035112380981445,
0.3174313008785248,,,153,1.1413190364837646,,,34.64280700683594,,,9.357752617233928e-08,,,4311,3.2127318382263184,,,3.2127318382263184
,2.542682409286499,,153,,4.849172115325928,,,17.632455825805664,,,2.73231449909872e-07,,4311,,12.97018814086914,,
1.8899708986282349,,,154,2.8525164127349854,,,0.1119755432009697,,,1.4509181767152768e-07,,,4339,9.002923011779785,,,9.002923011779785
,1.7332086563110352,,154,,2.388679027557373,,,5.536106109619141,,,1.195667067577233e-07,,4339,,7.353438854217529,,
,,0.12185940891504288,155,,,0.11974439769983292,,,0.09697199612855911,,,1.0466391131558339e-07,4349,,,2.0610010623931885,
1.8280823230743408,,,155,0.783182680606842,,,0.02714732475578785,,,1.1466408267324368e-07,,,4367,4.3357625007629395,,,4.3357625007629395
,1.7552019357681274,,155,,1.0639569759368896,,,2.9588088989257812,,,6.580296485481085e-08,,4367,,4.474017143249512,,
0.15933918952941895,,,156,0.25728604197502136,,,6.919865131378174,,,5.678143821796766e-08,,,4395,1.219253659248352,,,1.219253659248352
,1.107718586921692,,156,,0.49563294649124146,,,6.111388683319092,,,7.673773438909848e-08,,4395,,2.751753330230713,,
,,0.6721042394638062,157,,,0.23763053119182587,,,0.022036651149392128,,,2.251717479140325e-09,4399,,,1.2214442491531372,
0.5680104494094849,,,157,0.21398872137069702,,,0.15032397210597992,,,5.118197776710076e-08,,,4423,1.503674864768982,,,1.503674864768982
,1.580588698387146,,157,,0.48546910285949707,,,3.164093494415283,,,9.163439074200141e-08,,4423,,3.046685218811035,,
,,0.15152770280838013,158,,,0.19829240441322327,,,0.08386123180389404,,,1.6982298234324844e-07,4449,,,1.7707020044326782,
1.0546765327453613,,,158,0.2191763073205948,,,0.05965520069003105,,,6.068789559776633e-08,,,4451,1.9391294717788696,,,1.9391294717788696
,0.8058383464813232,,158,,0.2537456452846527,,,7.572421073913574,,,7.695025061593697e-08,,4451,,1.7175465822219849,,
1.9058843851089478,,,159,1.2576568126678467,,,9.564314842224121,,,1.1971874869232124e-07,,,4479,4.941823959350586,,,4.941823959350586
,0.8103063702583313,,159,,0.2829985022544861,,,9.76797103881836,,,1.0345495127239701e-07,,4479,,1.7987723350524902,,
,,0.08487410098314285,160,,,0.09238120913505554,,,0.2330268770456314,,,2.0918838572470122e-07,4499,,,1.3697283267974854,
1.646162986755371,,,160,0.8192183971405029,,,0.15747827291488647,,,2.3065287280132907e-07,,,4507,4.467475414276123,,,4.467475414276123
,1.0661213397979736,,160,,0.3194989562034607,,,8.434955596923828,,,1.2152263195730484e-07,,4507,,2.1648905277252197,,
0.10308676213026047,,,161,0.10884713381528854,,,0.2122025489807129,,,2.182427607522186e-07,,,4535,1.3850371837615967,,,1.3850371837615967
,1.3301030397415161,,161,,0.40918654203414917,,,10.371328353881836,,,1.34154007014331e-07,,4535,,2.624880790710449,,
,,0.13285696506500244,162,,,0.06924159079790115,,,33.494407653808594,,,1.1320550896698478e-07,4549,,,0.31145399808883667,
0.12356813997030258,,,162,0.08829338103532791,,,12.079665184020996,,,2.0150562818344042e-07,,,4563,0.9679215550422668,,,0.9679215550422668
,1.0066654682159424,,162,,0.3546135723590851,,,8.725054740905762,,,1.3292617495608283e-07,,4563,,2.168492317199707,,
0.5735322833061218,,,163,0.11583643406629562,,,23.3780574798584,,,8.730169298587498e-08,,,4591,0.868805468082428,,,0.868805468082428
,0.9663568735122681,,163,,0.2675756812095642,,,8.915345191955566,,,1.5536168973540043e-07,,4591,,1.9773427248001099,,
,,0.158043771982193,164,,,0.06650595366954803,,,0.7427900433540344,,,2.812489583448041e-07,4599,,,1.1069852113723755,
3.555314064025879,,,164,0.6682186126708984,,,0.20341624319553375,,,1.4565191008841794e-07,,,4619,5.578037738800049,,,5.578037738800049
,1.3245573043823242,,164,,0.38373082876205444,,,5.126816749572754,,,1.416438237811235e-07,,4619,,2.534069538116455,,
1.0973938703536987,,,165,0.18111547827720642,,,0.15693888068199158,,,4.087366445304497e-09,,,4647,1.5303744077682495,,,1.5303744077682495
,1.5743390321731567,,165,,0.4648590087890625,,,5.517317295074463,,,9.178443605151188e-08,,4647,,2.8737926483154297,,
,,0.11986196041107178,166,,,0.06794441491365433,,,0.4802216589450836,,,2.2478840833173308e-07,4649,,,1.0942505598068237,
1.560889482498169,,,166,0.9329553246498108,,,9.319422721862793,,,1.757200465135611e-07,,,4675,4.1742658615112305,,,4.1742658615112305
,1.4103102684020996,,166,,0.3767222464084625,,,6.047070503234863,,,1.0760120261466e-07,,4675,,2.5651605129241943,,
,,1.1739509105682373,167,,,0.18342018127441406,,,0.05069330334663391,,,3.1164317793042073e-09,4699,,,1.6223520040512085,
0.44562122225761414,,,167,0.10893850773572922,,,10.590506553649902,,,1.1865604676586372e-07,,,4703,1.0158040523529053,,,1.0158040523529053
,0.9748913645744324,,167,,0.277986079454422,,,5.811331748962402,,,6.231499583009281e-08,,4703,,1.7479314804077148,,
0.13522830605506897,,,168,0.11089210212230682,,,0.3170831799507141,,,7.520452527387533e-08,,,4731,0.7271867990493774,,,0.7271867990493774
,1.1704078912734985,,168,,0.4261467158794403,,,7.930495738983154,,,9.247010268609301e-08,,4731,,2.3471922874450684,,
,,5.073542594909668,169,,,0.7635453939437866,,,0.047173693776130676,,,1.964617979410832e-07,4749,,,7.444074630737305,
1.441186785697937,,,169,0.3787384629249573,,,0.13507170975208282,,,1.3959346745195944e-07,,,4759,2.886155366897583,,,2.886155366897583
,1.3510435819625854,,169,,0.2513541579246521,,,3.965203285217285,,,6.499037397134089e-08,,4759,,2.120241641998291,,
0.3800108730792999,,,170,0.10385661572217941,,,8.796295166015625,,,1.0281046769478053e-07,,,4787,0.9342963695526123,,,0.9342963695526123
,1.0279877185821533,,170,,0.20751209557056427,,,9.213800430297852,,,9.646084464520754e-08,,4787,,1.7844822406768799,,
,,0.16873013973236084,171,,,0.10482832789421082,,,0.46315115690231323,,,9.12673314701351e-09,4799,,,0.41955626010894775,
0.1271950751543045,,,171,0.0835447907447815,,,0.4041605591773987,,,1.5935458463900432e-07,,,4815,0.883679986000061,,,0.883679986000061
,1.4427903890609741,,171,,0.2390391081571579,,,5.613375186920166,,,1.2625953615952312e-07,,4815,,2.3194799423217773,,
0.15703986585140228,,,172,0.08566270023584366,,,10.272293090820312,,,1.2265391546861792e-07,,,4843,0.6322742700576782,,,0.6322742700576782
,1.3696101903915405,,172,,0.25158992409706116,,,6.50950813293457,,,1.3033073287260777e-07,,4843,,2.285794734954834,,
,,3.7376604080200195,173,,,0.902573823928833,,,0.05521636828780174,,,2.2621546236223367e-07,4849,,,6.552212715148926,
2.6521718502044678,,,173,0.5037475824356079,,,0.11592882871627808,,,2.0204656436817459e-07,,,4871,4.382392406463623,,,4.382392406463623
,1.6302087306976318,,173,,0.2852470278739929,,,7.610872745513916,,,1.1661524723649563e-07,,4871,,2.559159755706787,,
,,0.10721680521965027,174,,,0.07841315865516663,,,0.3930031359195709,,,2.29980301469368e-07,4899,,,1.0360515117645264,
0.7318637371063232,,,174,0.14218245446681976,,,0.14030465483665466,,,8.305590881718672e-08,,,4899,1.3715978860855103,,,1.3715978860855103
,1.4813545942306519,,174,,0.25864893198013306,,,7.262431621551514,,,1.3794166875413794e-07,,4899,,2.4267640113830566,,
1.5722423791885376,,,175,0.415176123380661,,,0.23130221664905548,,,6.790416051671855e-08,,,4927,2.8238461017608643,,,2.8238461017608643
,0.7201987504959106,,175,,0.15694782137870789,,,6.113245010375977,,,1.1479222195021066e-07,,4927,,1.3485174179077148,,
,,0.5309001207351685,176,,,0.18535830080509186,,,0.08016449958086014,,,4.29459623418893e-09,4949,,,1.0392283201217651,
0.1589014232158661,,,176,0.07366345077753067,,,19.310224533081055,,,7.787143374571315e-08,,,4955,0.37066274881362915,,,0.37066274881362915
,1.8877239227294922,,176,,0.28934594988822937,,,3.9017295837402344,,,1.4738006370862422e-07,,4955,,2.9249978065490723,,
1.9179762601852417,,,177,0.24933937191963196,,,0.13758715987205505,,,6.749412051476611e-08,,,4983,2.6689693927764893,,,2.6689693927764893
,1.089360237121582,,177,,0.20373192429542542,,,9.58866024017334,,,1.247385057467909e-07,,4983,,1.826678991317749,,
,,0.11135038733482361,178,,,0.032708607614040375,,,33.658531188964844,,,1.1446567071971003e-07,4999,,,0.24562877416610718,
1.9285309314727783,,,178,0.3726622462272644,,,0.05087621137499809,,,5.048926965400824e-08,,,5011,3.0397698879241943,,,3.0397698879241943
,0.9028316140174866,,178,,0.1593063622713089,,,6.258211612701416,,,8.993549016622637e-08,,5011,,1.4647029638290405,,
1.6289454698562622,,,179,0.3124900162220001,,,9.439896583557129,,,1.719175628522862e-07,,,5039,2.809767723083496,,,2.809767723083496
,0.8255597949028015,,179,,0.18191459774971008,,,5.0936102867126465,,,8.869551493262406e-08,,5039,,1.4785747528076172,,
,,0.18899133801460266,180,,,0.12012811750173569,,,0.33613425493240356,,,1.3627895256718148e-08,5049,,,0.5115395784378052,
1.4722001552581787,,,180,0.3361683189868927,,,0.26662495732307434,,,2.0935655697940092e-07,,,5067,2.946136951446533,,,2.946136951446533
,1.1219110488891602,,180,,0.19013412296772003,,,5.784311294555664,,,1.1218862283612907e-07,,5067,,1.829196572303772,,
0.5357938408851624,,,181,0.10762570798397064,,,0.2777968943119049,,,8.866827272413502e-08,,,5095,1.051616907119751,,,1.051616907119751
,1.2460741996765137,,181,,0.2268308401107788,,,5.419508457183838,,,1.0128499638994981e-07,,5095,,2.017460584640503,,
,,0.14790745079517365,182,,,0.07815999537706375,,,0.5304407477378845,,,2.426382650355663e-07,5099,,,0.9556306004524231,
0.15154105424880981,,,182,0.07457540929317474,,,19.07151222229004,,,7.635590293375571e-08,,,5123,0.3627411127090454,,,0.3627411127090454
,0.7467665076255798,,182,,0.14970773458480835,,,5.943436622619629,,,9.98962406129067e-08,,5123,,1.3231624364852905,,
,,0.16600631177425385,183,,,0.06926068663597107,,,0.5990698337554932,,,2.3277897298612515e-07,5149,,,0.9094153642654419,
2.4751620292663574,,,183,0.47175130248069763,,,8.4098539352417,,,1.526466206769328e-07,,,5151,3.9611499309539795,,,3.9611499309539795
,0.9530076384544373,,183,,0.18459947407245636,,,5.631700038909912,,,1.2171129526450386e-07,,5151,,1.6675046682357788,,
2.45939564704895,,,184,0.3839299976825714,,,9.258991241455078,,,1.566743179637342e-07,,,5179,3.65995717048645,,,3.65995717048645
,1.2504246234893799,,184,,0.1966383308172226,,,7.08266544342041,,,1.2072928257111926e-07,,5179,,1.9523032903671265,,
,,0.13163189589977264,185,,,0.03686714917421341,,,27.909343719482422,,,9.81745245098864e-08,5199,,,0.30836111307144165,
2.6596767902374268,,,185,0.6133317351341248,,,0.19179347157478333,,,1.7836548238392425e-07,,,5207,4.741917610168457,,,4.741917610168457
,0.9828454852104187,,185,,0.18890716135501862,,,4.372232913970947,,,1.0311192966128147e-07,,5207,,1.661577820777893,,
0.5588598847389221,,,186,0.1258877068758011,,,0.12877361476421356,,,8.881785085179672e-09,,,5235,0.9092016816139221,,,0.9092016816139221
,1.127389907836914,,186,,0.1963403970003128,,,3.728055238723755,,,1.2000042204363126e-07,,5235,,1.8486647605895996,,
,,0.11712085455656052,187,,,0.03874428570270538,,,30.082773208618164,,,1.0168587039061094e-07,5249,,,0.3256344795227051,
0.16966940462589264,,,187,0.08198319375514984,,,7.899861812591553,,,1.0867834987493552e-07,,,5263,0.5764994025230408,,,0.5764994025230408
,0.9566616415977478,,187,,0.16453202068805695,,,8.232636451721191,,,1.0757548807305284e-07,,5263,,1.559138536453247,,
1.2914683818817139,,,188,0.2277241051197052,,,0.17390507459640503,,,1.3953058441984467e-07,,,5291,2.1524274349212646,,,2.1524274349212646
,1.538064956665039,,188,,0.23033443093299866,,,4.832722187042236,,,9.25599294987478e-08,,5291,,2.2833800315856934,,
,,0.19582346081733704,189,,,0.07062933593988419,,,0.2724124491214752,,,1.788392545165607e-08,5299,,,0.3784197270870209,
1.291799783706665,,,189,0.24501492083072662,,,0.26007142663002014,,,1.3506615914593567e-07,,,5319,2.240208864212036,,,2.240208864212036
,0.8408239483833313,,189,,0.16059565544128418,,,4.951798439025879,,,9.66866551266321e-08,,5319,,1.45067298412323,,
0.18106655776500702,,,190,0.05565378814935684,,,16.302783966064453,,,6.523187323637103e-08,,,5347,0.3606839179992676,,,0.3606839179992676
,1.0746448040008545,,190,,0.183414027094841,,,6.634443283081055,,,1.226375303531313e-07,,5347,,1.7371125221252441,,
,,0.13053852319717407,191,,,0.07900052517652512,,,0.429669588804245,,,1.948734649204198e-07,5349,,,0.8029084205627441,
1.148884892463684,,,191,0.2508280873298645,,,10.140727996826172,,,1.6622252019260486e-07,,,5375,2.092489004135132,,,2.092489004135132
,0.7350173592567444,,191,,0.14905990660190582,,,5.959959506988525,,,1.0999646349318937e-07,,5375,,1.304627537727356,,
,,0.17203888297080994,192,,,0.06276768445968628,,,27.086416244506836,,,8.447126020882934e-08,5399,,,0.42531684041023254,
1.6216799020767212,,,192,0.24987012147903442,,,0.18496844172477722,,,1.3221155370501947e-07,,,5403,2.5085079669952393,,,2.5085079669952393
,0.8399908542633057,,192,,0.16686923801898956,,,6.272524356842041,,,9.406409873236043e-08,,5403,,1.423553466796875,,
2.3120787143707275,,,193,0.3622227609157562,,,0.16308042407035828,,,1.818258965613495e-07,,,5431,3.5630838871002197,,,3.5630838871002197
,0.837280809879303,,193,,0.14134672284126282,,,4.645068168640137,,,9.814993262580174e-08,,5431,,1.368146300315857,,
,,3.700528621673584,194,,,0.4422544240951538,,,0.05112992599606514,,,1.3732920933762216e-07,5449,,,5.1096649169921875,
0.20728586614131927,,,194,0.08983004838228226,,,0.366769015789032,,,8.899179704258131e-08,,,5459,0.5965227484703064,,,0.5965227484703064
,0.8824559450149536,,194,,0.15575645864009857,,,4.313004493713379,,,1.3513258068087453e-07,,5459,,1.5012449026107788,,
1.6864606142044067,,,195,0.27734529972076416,,,7.1279377937316895,,,8.608532908738198e-08,,,5487,2.559213638305664,,,2.559213638305664
,1.213047981262207,,195,,0.20871379971504211,,,4.602211952209473,,,1.0014228024601834e-07,,5487,,1.906211256980896,,
,,0.22546811401844025,196,,,0.08316750079393387,,,0.21339298784732819,,,1.9875567858207432e-08,5499,,,0.44724130630493164,
1.3694707155227661,,,196,0.22457611560821533,,,6.7076263427734375,,,1.5027309530069033e-07,,,5515,2.200211763381958,,,2.200211763381958
,0.7800055742263794,,196,,0.14445671439170837,,,6.036879062652588,,,8.324202838139172e-08,,5515,,1.2982099056243896,,
1.518322467803955,,,197,0.32656827569007874,,,0.21795956790447235,,,1.194063088405528e-07,,,5543,2.6593453884124756,,,2.6593453884124756
,0.8029713034629822,,197,,0.14982686936855316,,,3.6362950801849365,,,7.655348355228853e-08,,5543,,1.3363853693008423,,
,,0.19766560196876526,198,,,0.07230599224567413,,,0.17286774516105652,,,1.8899170228792173e-08,5549,,,0.3969026803970337,
1.043883204460144,,,198,0.17377370595932007,,,7.105838298797607,,,9.593707517296934e-08,,,5571,1.5792443752288818,,,1.5792443752288818
,0.9545983076095581,,198,,0.15874320268630981,,,4.827419281005859,,,9.701923886495933e-08,,5571,,1.5253962278366089,,
,,0.8117519021034241,199,,,0.12406200915575027,,,0.037839800119400024,,,3.3991178760572893e-09,5599,,,1.175847053527832,
0.2642671465873718,,,199,0.09212526679039001,,,6.850429058074951,,,3.405922299748454e-08,,,5599,0.5506699085235596,,,0.5506699085235596
,0.9662385582923889,,199,,0.15822669863700867,,,6.092869758605957,,,1.1164573265887157e-07,,5599,,1.5479001998901367,,
0.30443158745765686,,,200,0.06877387315034866,,,14.5566987991333,,,5.529174984530982e-08,,,5627,0.5526221990585327,,,0.5526221990585327
,0.4114590585231781,,200,,0.11228162795305252,,,4.006826400756836,,,8.388698802264116e-08,,5627,,0.8690677285194397,,
,,0.17298416793346405,201,,,0.08352433145046234,,,0.5503823161125183,,,1.933068460857612e-07,5649,,,0.6986956000328064,
0.3037870228290558,,,201,0.09095621854066849,,,0.2669577896595001,,,7.120453915376856e-08,,,5655,0.6716147065162659,,,0.6716147065162659
,0.5824461579322815,,201,,0.1264822632074356,,,6.59840726852417,,,9.900017516883963e-08,,5655,,1.0669069290161133,,
0.5469203591346741,,,202,0.11168836057186127,,,7.420981407165527,,,2.785122532600326e-08,,,5683,0.8905439972877502,,,0.8905439972877502
,0.6103915572166443,,202,,0.11137762665748596,,,4.94633674621582,,,1.0233012659455198e-07,,5683,,1.0645753145217896,,
,,0.22237379848957062,203,,,0.08167961239814758,,,0.12847818434238434,,,1.7857601619652996e-08,5699,,,0.44706568121910095,
3.191025972366333,,,203,0.5575511455535889,,,0.05880417674779892,,,1.5743052017569426e-07,,,5711,4.933193683624268,,,4.933193683624268
,1.127309799194336,,203,,0.19344677031040192,,,3.918297290802002,,,9.21513745311131e-08,,5711,,1.7735655307769775,,
0.2845097482204437,,,204,0.08277522772550583,,,6.186635494232178,,,2.833815138103546e-08,,,5739,0.5570778250694275,,,0.5570778250694275
,0.7744855880737305,,204,,0.14658737182617188,,,5.218087196350098,,,7.755927811103902e-08,,5739,,1.2884912490844727,,
,,0.1844671368598938,205,,,0.04334186017513275,,,17.05370330810547,,,6.69415953780117e-08,5749,,,0.4030047357082367,
1.295395851135254,,,205,0.2545742690563202,,,0.15737541019916534,,,1.2037710916956712e-07,,,5767,2.1893274784088135,,,2.1893274784088135
,0.7641096711158752,,205,,0.12390435487031937,,,5.23271369934082,,,7.7762862815689e-08,,5767,,1.218451738357544,,
1.2896946668624878,,,206,0.334960401058197,,,7.829652309417725,,,1.46273237078276e-07,,,5795,2.442340850830078,,,2.442340850830078
,0.835435688495636,,206,,0.14996854960918427,,,3.234255790710449,,,8.982313204342063e-08,,5795,,1.3769581317901611,,
,,0.7010990381240845,207,,,0.11203841865062714,,,0.04161456972360611,,,3.2683413753176183e-09,5799,,,1.091231346130371,
1.1691570281982422,,,207,0.2485322803258896,,,5.734677314758301,,,1.454552887025784e-07,,,5823,2.028938055038452,,,2.028938055038452
,1.2677065134048462,,207,,0.17396757006645203,,,2.6689295768737793,,,9.809754430989415e-08,,5823,,1.8459596633911133,,
,,0.17026770114898682,208,,,0.045477494597435,,,24.097707748413086,,,6.103577732119447e-08,5849,,,0.38492551445961,
0.18887954950332642,,,208,0.07799439877271652,,,4.7125701904296875,,,7.612691632630231e-08,,,5851,0.5405532717704773,,,0.5405532717704773
,0.6707959175109863,,208,,0.11526458710432053,,,4.9443864822387695,,,8.520382266397064e-08,,5851,,1.083592176437378,,
1.221117377281189,,,209,0.23784072697162628,,,5.248502731323242,,,9.167030867729409e-08,,,5879,1.991726279258728,,,1.991726279258728
,0.7192622423171997,,209,,0.1281554251909256,,,3.801292896270752,,,1.0752944490377558e-07,,5879,,1.2046641111373901,,
,,0.2167741358280182,210,,,0.07835507392883301,,,0.13103319704532623,,,1.769365809423107e-08,5899,,,0.43539708852767944,
0.1730756312608719,,,210,0.05275507643818855,,,12.199997901916504,,,9.865306083156611e-08,,,5907,0.4473753869533539,,,0.4473753869533539
,0.8476946949958801,,210,,0.11947403103113174,,,2.366854667663574,,,7.506224619646673e-08,,5907,,1.2580599784851074,,
0.6064068675041199,,,211,0.09205472469329834,,,0.11410064995288849,,,5.182399576142416e-08,,,5935,0.9575741291046143,,,0.9575741291046143
,1.0827621221542358,,211,,0.14601872861385345,,,2.8775475025177,,,1.1966032786858705e-07,,5935,,1.6007423400878906,,
,,0.1571672260761261,212,,,0.053124308586120605,,,17.4086971282959,,,5.503457600752881e-08,5949,,,0.3907647132873535,
0.41919758915901184,,,212,0.06623377650976181,,,7.597915172576904,,,3.1632133357106795e-08,,,5963,0.6431671380996704,,,0.6431671380996704
,1.1103843450546265,,212,,0.1849382519721985,,,2.8706278800964355,,,7.644059252243096e-08,,5963,,1.7171928882598877,,
1.0957566499710083,,,213,0.1476389765739441,,,4.517988681793213,,,1.1002521205227822e-07,,,5991,1.56355881690979,,,1.56355881690979
,0.4513263404369354,,213,,0.09185557812452316,,,2.376347303390503,,,9.502841180619725e-08,,5991,,0.8198962211608887,,
,,0.15869054198265076,214,,,0.10226889699697495,,,0.21957919001579285,,,1.4609429399570217e-07,5999,,,0.6806703805923462,
0.3358326852321625,,,214,0.08956073224544525,,,8.104921340942383,,,7.903415877308362e-08,,,6019,0.6703558564186096,,,0.6703558564186096
,0.7759343385696411,,214,,0.14024217426776886,,,2.138352155685425,,,8.806897255908552e-08,,6019,,1.2651240825653076,,
0.19508670270442963,,,215,0.0701415091753006,,,5.01479434967041,,,7.031690074654762e-08,,,6047,0.5001411437988281,,,0.5001411437988281
,0.8838751912117004,,215,,0.14360764622688293,,,4.152935028076172,,,9.577767201562892e-08,,6047,,1.3956936597824097,,
,,0.189604252576828,216,,,0.06480289995670319,,,0.45244675874710083,,,1.4562706951437576e-07,6049,,,0.5995274782180786,
2.3627798557281494,,,216,0.36337605118751526,,,5.0947699546813965,,,1.5038453682336694e-07,,,6075,3.5272867679595947,,,3.5272867679595947
,0.7793588042259216,,216,,0.12092442065477371,,,2.81176495552063,,,8.185193678400537e-08,,6075,,1.2033259868621826,,
,,0.19202575087547302,217,,,0.10639701038599014,,,0.03989362344145775,,,1.543923033864303e-08,6099,,,0.54124915599823,
0.2825545370578766,,,217,0.07565733790397644,,,4.16289758682251,,,6.271869068541491e-08,,,6103,0.610582709312439,,,0.610582709312439
,1.2493164539337158,,217,,0.18992194533348083,,,2.0485281944274902,,,1.0724080823365512e-07,,6103,,1.873208999633789,,
2.1431753635406494,,,218,0.3530098497867584,,,0.0460946150124073,,,1.5274410714027908e-07,,,6131,3.2561416625976562,,,3.2561416625976562
,0.8022505640983582,,218,,0.13755467534065247,,,3.3322243690490723,,,7.206921281976975e-08,,6131,,1.2637101411819458,,
,,2.8000237941741943,219,,,0.18501213192939758,,,0.06762333959341049,,,2.956960827305011e-07,6149,,,3.307527542114258,
0.16758324205875397,,,219,0.07517583668231964,,,3.962115526199341,,,1.02756928299641e-07,,,6159,0.551759660243988,,,0.551759660243988
,0.9614022970199585,,219,,0.14844654500484467,,,3.0948569774627686,,,1.1312928194229244e-07,,6159,,1.4718512296676636,,
0.8172619342803955,,,220,0.08985959738492966,,,0.025138795375823975,,,1.9904968784345556e-09,,,6187,1.0877625942230225,,,1.0877625942230225
,0.8499546647071838,,220,,0.12082153558731079,,,4.122387409210205,,,9.305882286980705e-08,,6187,,1.2776926755905151,,
,,0.7926303744316101,221,,,0.08366504311561584,,,0.019475989043712616,,,2.0131911693255233e-09,6199,,,1.0668439865112305,
0.43800628185272217,,,221,0.08421038091182709,,,0.01819797232747078,,,5.619106513421457e-09,,,6215,0.7034039497375488,,,0.7034039497375488
,1.106497049331665,,221,,0.15146583318710327,,,3.6663403511047363,,,1.147377162169505e-07,,6215,,1.6146783828735352,,
